{
  "summary": {
    "total_questions": 30,
    "route_accuracy": 0.9666666666666667,
    "average_context_recall": 0.9333333333333333,
    "average_context_precision": 0.445,
    "overall_score": 0.8001666666666667,
    "average_latency": 1.165
  }
}
